1.jpg,CL 249 Computational Methods Lab
2.jpg,CL 306 Chemical Processes
3.jpg,CL 455 Design Lab
4.jpg,HS 101 Economics
5.jpg,CL433 Chemical Engineering Lab 4
6.jpg,CL 255 Chemical Engineering Thermodynamics 1
7.jpg,CL 254 Process Fluid Mechanics
8.jpg,MA207 Differential Equations 2
9.jpg,Cl 310 Mass Transfer II
10.jpg,CL203 Introduction to Transport Phenomena
11.jpg,CL 305 Solid Mechanics
12.jpg,CL 302 Process Control
13.jpg,CL 335 Chemical Engineering Lab III
14.jpg,CL 305 Solid Mechanics
15.jpg,CL 310 Mass Transfer II
16.jpg,CL 203 Introduction to Transport Phenomena
